Anio,Ciudad,TemperaturaPromedio
1995,"Muscat",90.75
2010,"Nicosia",90.10
2020,"Niamey",87.57
2019,"Niamey",86.74
2010,"Niamey",86.74
2016,"Niamey",86.58
2018,"Niamey",86.53
2009,"Niamey",86.52
2013,"Niamey",86.50
2011,"Niamey",86.44
2014,"Niamey",86.29
2005,"Niamey",86.11
1998,"Niamey",86.06
2012,"Niamey",86.02
1997,"Bangkok",85.99
2017,"Niamey",85.98
2007,"Niamey",85.94
2015,"Niamey",85.92
2006,"Niamey",85.88
1997,"Niamey",85.86
2004,"Niamey",85.79
1996,"Niamey",85.78
2003,"Niamey",85.74
2019,"Chennai (Madras)",85.55
2002,"Jakarta",85.47
2002,"Niamey",85.41
1995,"Niamey",85.40
2001,"Niamey",85.14
2006,"Bangkok",85.14
2000,"Niamey",85.14
1999,"Niamey",85.13
2005,"Bangkok",85.06
2018,"Chennai (Madras)",84.90
2008,"Niamey",84.84
2004,"Jakarta",84.78
2017,"Chennai (Madras)",84.76
2002,"Bangkok",84.73
2004,"Bangkok",84.70
2006,"Jakarta",84.52
2003,"Bangkok",84.49
2003,"Jakarta",84.45
2016,"Chennai (Madras)",84.42
1996,"Bangkok",84.32
1998,"Bissau",84.30
2009,"Chennai (Madras)",84.29
2007,"Bangkok",84.24
2020,"Bissau",84.22
2010,"Bangkok",84.15
2020,"Lome",84.14
2015,"Chennai (Madras)",84.10
2005,"Jakarta",84.08
2019,"Jakarta",84.02
1998,"Chennai (Madras)",84.01
2007,"Bissau",83.99
1998,"Kuala Lumpur",83.92
2020,"Lagos",83.92
2012,"Chennai (Madras)",83.89
2020,"Conakry",83.89
2008,"Bissau",83.85
1998,"Bangkok",83.84
2020,"Manila",83.82
2020,"Cotonou",83.81
2020,"Kuala Lumpur",83.81
2018,"Bombay (Mumbai)",83.75
2012,"Jakarta",83.67
1995,"Bissau",83.66
2016,"Manila",83.66
1998,"Conakry",83.63
2015,"Bombay (Mumbai)",83.61
2020,"Abidjan",83.61
2016,"Jakarta",83.58
2009,"Jakarta",83.58
2018,"Jakarta",83.57
2011,"Jakarta",83.56
2017,"Jakarta",83.49
2019,"Manila",83.48
2014,"Jakarta",83.47
2016,"Kuala Lumpur",83.46
2003,"Chennai (Madras)",83.45
2020,"Chennai (Madras)",83.44
2014,"Chennai (Madras)",83.44
2010,"Kuala Lumpur",83.43
1997,"Bissau",83.41
2017,"Bombay (Mumbai)",83.40
1997,"Chennai (Madras)",83.38
2015,"Jakarta",83.36
2019,"Singapore",83.32
2018,"Manama",83.30
2016,"Singapore",83.30
2010,"Jakarta",83.28
2010,"Manila",83.28
2010,"Rangoon",83.26
2007,"Jakarta",83.26
1999,"Chennai (Madras)",83.25
2002,"Chennai (Madras)",83.25
2001,"Chennai (Madras)",83.21
2009,"Bangkok",83.21
2008,"Bangkok",83.19
2013,"Jakarta",83.19
2020,"Jakarta",83.18
1998,"Manila",83.18
1996,"Bissau",83.16
2020,"Colombo",83.15
2008,"Jakarta",83.14
1998,"Vientiane",83.13
1998,"Singapore",83.12
2017,"Manila",83.10
1998,"Jakarta",83.10
2005,"Kuala Lumpur",83.10
1998,"Rangoon",83.08
2018,"Manila",83.08
2011,"Kuala Lumpur",83.07
2020,"Singapore",83.06
2000,"Jakarta",83.03
2015,"Manila",83.01
2009,"Bombay (Mumbai)",83.00
2000,"Chennai (Madras)",82.98
2012,"Kuala Lumpur",82.98
2015,"Singapore",82.97
2019,"Kuala Lumpur",82.97
2006,"Chennai (Madras)",82.96
2019,"Manama",82.96
2013,"Chennai (Madras)",82.96
1997,"Singapore",82.96
2011,"Chennai (Madras)",82.94
2006,"Lagos",82.94
1995,"Freetown",82.94
2010,"Manama",82.93
2010,"Chennai (Madras)",82.92
2019,"Bombay (Mumbai)",82.85
2016,"Bombay (Mumbai)",82.83
1998,"Colombo",82.82
2010,"Conakry",82.81
2020,"Libreville",82.79
2011,"Bangkok",82.78
2013,"Manila",82.76
2014,"Bombay (Mumbai)",82.75
2015,"Kuala Lumpur",82.74
2005,"Chennai (Madras)",82.73
2001,"Jakarta",82.73
2010,"Bissau",82.73
2002,"Kuala Lumpur",82.71
2010,"Bombay (Mumbai)",82.69
2010,"Singapore",82.68
2001,"Bangkok",82.65
2018,"Kuwait",82.64
2017,"Manama",82.64
1995,"Chennai (Madras)",82.63
2015,"Manama",82.62
1996,"Chennai (Madras)",82.61
2002,"Singapore",82.61
2009,"Bissau",82.59
1997,"Jakarta",82.59
2005,"Lagos",82.58
2011,"Conakry",82.58
2006,"Bissau",82.58
2014,"Manila",82.57
2007,"Manila",82.57
2010,"Cotonou",82.56
2004,"Chennai (Madras)",82.55
2020,"Rangoon",82.55
1997,"Conakry",82.54
2005,"Singapore",82.51
2010,"Freetown",82.51
1999,"Jakarta",82.48
2007,"Bombay (Mumbai)",82.46
2017,"Rangoon",82.45
2016,"Rangoon",82.44
2014,"Kuala Lumpur",82.43
1997,"Freetown",82.41
2019,"Cotonou",82.41
2012,"Manila",82.41
1998,"Bujumbura",82.40
2005,"Rangoon",82.38
2020,"Bombay (Mumbai)",82.38
2016,"Colombo",82.38
2009,"Singapore",82.38
2014,"Singapore",82.36
2006,"Manila",82.36
2018,"Singapore",82.34
2013,"Kuala Lumpur",82.34
2010,"Kuwait",82.33
2001,"Manila",82.32
1995,"Jakarta",82.31
2008,"Chennai (Madras)",82.31
2000,"Bangkok",82.30
1998,"Cotonou",82.30
1999,"Manama",82.30
2011,"Bombay (Mumbai)",82.28
2019,"Lome",82.28
2017,"Kuala Lumpur",82.26
2000,"Karachi",82.25
2012,"Rangoon",82.24
2004,"Singapore",82.24
2008,"Conakry",82.24
2009,"Rangoon",82.23
2018,"Cotonou",82.21
1998,"Manama",82.20
2006,"Rangoon",82.20
2016,"Cotonou",82.18
2005,"Manila",82.17
2016,"Lome",82.17
2000,"Lagos",82.16
2017,"Cotonou",82.15
2003,"Kuala Lumpur",82.15
2019,"Rangoon",82.15
2016,"Manama",82.13
1998,"Lagos",82.09
2004,"Kuala Lumpur",82.09
2002,"Bombay (Mumbai)",82.09
2006,"Cotonou",82.09
2003,"Singapore",82.08
2014,"Manama",82.07
2004,"Manila",82.06
2005,"Freetown",82.06
2003,"Manila",82.05
2002,"Manila",82.05
2012,"Vientiane",82.05
1998,"Lome",82.05
2005,"Conakry",82.05
2006,"Singapore",82.04
1995,"Vientiane",82.03
2018,"Kuala Lumpur",82.01
1998,"Bombay (Mumbai)",82.01
2019,"Bissau",81.99
2017,"Singapore",81.99
2007,"Chennai (Madras)",81.99
2017,"Lome",81.99
2010,"Lome",81.99
2001,"Kuala Lumpur",81.98
2008,"Bombay (Mumbai)",81.98
1997,"Kuala Lumpur",81.97
2013,"Bissau",81.96
2008,"Freetown",81.96
2010,"Vientiane",81.95
2018,"Rangoon",81.95
2008,"Manila",81.95
2002,"Rangoon",81.95
2004,"Conakry",81.93
2013,"Singapore",81.92
2006,"Freetown",81.92
2016,"Bissau",81.91
2009,"Kuala Lumpur",81.91
2016,"Lagos",81.91
2000,"Manila",81.90
2017,"Bissau",81.90
2000,"Cotonou",81.90
1996,"Jakarta",81.89
2018,"Lome",81.89
2002,"Freetown",81.88
2006,"Conakry",81.87
2004,"Freetown",81.86
1995,"Colombo",81.85
2003,"Cotonou",81.84
2019,"Colombo",81.84
2011,"Manila",81.83
2011,"Bissau",81.82
2015,"Rangoon",81.81
2014,"Bissau",81.80
1997,"Bombay (Mumbai)",81.79
1997,"Manila",81.79
2000,"Kuala Lumpur",81.78
1999,"Bombay (Mumbai)",81.77
2006,"Lome",81.77
1995,"Singapore",81.76
1997,"Rangoon",81.76
2011,"Singapore",81.75
1996,"Bombay (Mumbai)",81.75
2002,"Conakry",81.74
2013,"Bombay (Mumbai)",81.74
2004,"Rangoon",81.72
2003,"Rangoon",81.72
2019,"Vientiane",81.71
2000,"Bombay (Mumbai)",81.71
2001,"Singapore",81.71
2012,"Singapore",81.71
1999,"Bangkok",81.71
2007,"Conakry",81.70
2012,"Bombay (Mumbai)",81.70
2015,"Lome",81.69
2012,"Manama",81.68
1995,"Cotonou",81.68
2017,"Colombo",81.67
2017,"Kuwait",81.67
2019,"Conakry",81.67
2009,"Manila",81.67
2007,"Singapore",81.66
2006,"Kuala Lumpur",81.66
2020,"Dar Es Salaam",81.65
2007,"Rangoon",81.65
1996,"Singapore",81.64
2015,"Kuwait",81.63
1995,"Conakry",81.63
2014,"Cotonou",81.63
2013,"Rangoon",81.61
2015,"Vientiane",81.61
2013,"Cotonou",81.60
1999,"Singapore",81.60
2015,"Colombo",81.60
1999,"Conakry",81.60
2009,"Conakry",81.60
2019,"Kuwait",81.59
2000,"Singapore",81.57
2005,"Cotonou",81.57
2011,"Rangoon",81.57
2020,"Vientiane",81.57
2015,"Bissau",81.57
2010,"Colombo",81.56
2008,"Singapore",81.56
2015,"Cotonou",81.56
2016,"Vientiane",81.56
2018,"Lagos",81.56
1996,"Kuala Lumpur",81.56
1995,"Kuala Lumpur",81.55
2001,"Cotonou",81.54
2009,"Colombo",81.54
1997,"Vientiane",81.54
1997,"Colombo",81.53
2009,"Cotonou",81.53
2007,"Freetown",81.52
2012,"Colombo",81.52
1996,"Lome",81.52
2012,"Bissau",81.52
2019,"Abidjan",81.52
2013,"Lome",81.51
2003,"Conakry",81.51
2011,"Colombo",81.48
2011,"Cotonou",81.47
1999,"Manila",81.44
2003,"Bombay (Mumbai)",81.44
1996,"Cotonou",81.44
2017,"Conakry",81.43
2007,"Colombo",81.42
2014,"Lome",81.42
2019,"Lagos",81.42
2013,"Vientiane",81.41
2020,"Bangui",81.41
2009,"Manama",81.40
2001,"Conakry",81.39
2018,"Abidjan",81.39
2002,"Cotonou",81.39
2003,"Colombo",81.39
2001,"Vientiane",81.37
1996,"Manila",81.36
2003,"Lome",81.36
1996,"Freetown",81.35
2014,"Colombo",81.35
1995,"Lome",81.33
2002,"Lome",81.33
2008,"Rangoon",81.33
2001,"Manama",81.32
1996,"Rangoon",81.32
2016,"Abidjan",81.31
2009,"Lome",81.30
2006,"Bombay (Mumbai)",81.30
2003,"Bujumbura",81.30
2004,"Cotonou",81.28
2007,"Kuala Lumpur",81.28
2011,"Freetown",81.28
2013,"Colombo",81.27
1999,"Cotonou",81.27
1999,"Lome",81.27
1999,"Kuwait",81.27
2005,"Bombay (Mumbai)",81.26
2017,"Abidjan",81.25
2005,"Lome",81.25
1999,"Kuala Lumpur",81.24
2008,"Lome",81.24
1999,"Rangoon",81.24
2007,"Cotonou",81.23
2016,"Calcutta",81.22
2012,"Cotonou",81.21
2003,"Freetown",81.21
2001,"Rangoon",81.21
2013,"Manama",81.20
2008,"Cotonou",81.20
1996,"Colombo",81.18
2005,"Colombo",81.18
2000,"Lome",81.16
2014,"Rangoon",81.15
2006,"Colombo",81.15
2007,"Lagos",81.15
1998,"Abidjan",81.11
2020,"Brazzaville",81.11
2011,"Lome",81.10
1999,"Colombo",81.09
2001,"Colombo",81.07
2001,"Bombay (Mumbai)",81.06
2010,"Lagos",81.06
2016,"Conakry",81.06
1998,"Kuwait",81.06
1995,"Bombay (Mumbai)",81.06
2014,"Kuwait",81.05
2017,"Lagos",81.05
2012,"Conakry",81.04
2018,"Bissau",81.04
2004,"Colombo",81.04
2016,"Kuwait",81.04
2018,"Conakry",81.02
1998,"Karachi",81.02
2000,"Colombo",81.02
2012,"Lome",81.02
2008,"Colombo",81.01
1999,"Karachi",81.01
2004,"Lome",81.01
2006,"Manama",81.01
2014,"Vientiane",81.00
2001,"Lome",81.00
2009,"Freetown",81.00
2007,"Manama",80.98
2015,"Lagos",80.98
2016,"Libreville",80.98
2003,"Manama",80.98
2007,"Karachi",80.97
2004,"Lagos",80.96
2001,"Karachi",80.96
2000,"Conakry",80.94
1999,"Lagos",80.94
2009,"Karachi",80.93
2007,"Lome",80.93
2018,"Karachi",80.92
2011,"Manama",80.92
2008,"Kuala Lumpur",80.92
2002,"Vientiane",80.91
1997,"Cotonou",80.91
1997,"Lome",80.90
2013,"Conakry",80.90
2005,"Vientiane",80.88
2004,"Karachi",80.88
2009,"Vientiane",80.87
2002,"Manama",80.87
2002,"Colombo",80.87
1996,"Conakry",80.85
2000,"Rangoon",80.85
2012,"Kuwait",80.84
2003,"Kuwait",80.84
2010,"Dhaka",80.84
1996,"Vientiane",80.82
2001,"Kuwait",80.78
2004,"Manama",80.78
2000,"Vientiane",80.78
2003,"Vientiane",80.74
2006,"Vientiane",80.74
2006,"Kuwait",80.73
1999,"Vientiane",80.72
2015,"Karachi",80.71
2015,"Conakry",80.71
2006,"Karachi",80.71
2014,"Conakry",80.70
2018,"Colombo",80.65
2015,"Abidjan",80.62
2000,"Manama",80.61
2004,"Bombay (Mumbai)",80.60
2016,"Karachi",80.58
1995,"Abidjan",80.58
2004,"Abidjan",80.57
1999,"Abidjan",80.57
2009,"Lagos",80.57
1995,"Manila",80.57
2010,"Abidjan",80.57
2005,"Abidjan",80.56
2010,"Calcutta",80.56
2015,"Calcutta",80.56
2003,"Karachi",80.55
2019,"Libreville",80.54
1998,"Libreville",80.54
1997,"Libreville",80.53
2007,"Vientiane",80.52
1996,"Abidjan",80.51
2008,"Manama",80.49
2014,"Lagos",80.49
2007,"Kuwait",80.48
2010,"Dar Es Salaam",80.47
2002,"Kuwait",80.45
2010,"Karachi",80.45
2019,"Karachi",80.45
2009,"Calcutta",80.45
2017,"Vientiane",80.44
2002,"Abidjan",80.43
2009,"Kuwait",80.41
2004,"Kuwait",80.39
2004,"Calcutta",80.39
2018,"Vientiane",80.38
1996,"Kuwait",80.37
2017,"Libreville",80.37
2001,"Lagos",80.34
2015,"Dar Es Salaam",80.34
2002,"Karachi",80.31
2014,"Abidjan",80.30
2013,"Abidjan",80.29
2008,"Kuwait",80.29
2016,"Delhi",80.29
2003,"Abidjan",80.29
1997,"Abidjan",80.28
2000,"Kuwait",80.28
2007,"Libreville",80.24
2016,"Dar Es Salaam",80.23
2018,"Libreville",80.23
2005,"Manama",80.21
2013,"Kuwait",80.21
2004,"Vientiane",80.21
1996,"Manama",80.18
2012,"Calcutta",80.18
2005,"Karachi",80.15
2002,"Lagos",80.15
2019,"Dar Es Salaam",80.15
2011,"Lagos",80.14
2010,"Libreville",80.14
2005,"Banjul",80.12
2003,"Lagos",80.04
2017,"Karachi",80.02
2005,"Kuwait",80.01
2013,"Lagos",80.01
2002,"Calcutta",79.98
2015,"Libreville",79.97
2006,"Calcutta",79.96
2001,"Abidjan",79.95
2008,"Libreville",79.92
2009,"Libreville",79.92
2010,"Banjul",79.91
2011,"Vientiane",79.91
2010,"Bangui",79.90
2000,"Abidjan",79.89
2013,"Karachi",79.87
2003,"Libreville",79.86
2017,"Calcutta",79.86
2008,"Karachi",79.86
2012,"Abidjan",79.85
2004,"Libreville",79.84
2012,"Lagos",79.83
2014,"Calcutta",79.83
2003,"Calcutta",79.83
2001,"Banjul",79.83
2017,"Dar Es Salaam",79.82
1998,"Banjul",79.81
1999,"Libreville",79.80
2014,"Libreville",79.78
2011,"Kuwait",79.77
1997,"Banjul",79.76
2014,"Karachi",79.75
1998,"Calcutta",79.75
1999,"Calcutta",79.75
2002,"Libreville",79.73
2008,"Lagos",79.73
2006,"Libreville",79.67
2003,"Banjul",79.67
2008,"Abidjan",79.65
2005,"Libreville",79.63
2013,"Libreville",79.62
2013,"Dar Es Salaam",79.62
2014,"Dar Es Salaam",79.61
2018,"Calcutta",79.60
1995,"Libreville",79.57
2007,"Banjul",79.56
2000,"Calcutta",79.54
2005,"Dar Es Salaam",79.54
2018,"Dar Es Salaam",79.54
2009,"Dar Es Salaam",79.53
2011,"Karachi",79.48
2019,"Bangui",79.48
2007,"Dar Es Salaam",79.44
2004,"Banjul",79.43
1997,"Nouakchott",79.43
2011,"Calcutta",79.42
2020,"Banjul",79.42
1995,"Karachi",79.40
2003,"Dar Es Salaam",79.39
2013,"Calcutta",79.39
2011,"Dar Es Salaam",79.37
2017,"Bangui",79.36
2007,"Calcutta",79.36
2006,"Dhaka",79.36
1995,"Dhaka",79.35
2011,"Libreville",79.35
1995,"Bujumbura",79.33
2012,"Dar Es Salaam",79.32
2017,"Banjul",79.31
1995,"Calcutta",79.30
2001,"Libreville",79.29
2016,"Bangui",79.29
1998,"Dhaka",79.29
1995,"Manama",79.28
1998,"Brazzaville",79.27
1997,"Karachi",79.26
2000,"Libreville",79.26
1996,"Calcutta",79.25
2011,"Bangui",79.24
2008,"Calcutta",79.22
1998,"Bangui",79.21
1996,"Bujumbura",79.21
2009,"Bangui",79.19
1996,"Karachi",79.16
2019,"Calcutta",79.14
2006,"Dar Es Salaam",79.14
1997,"Kuwait",79.12
2007,"Bangui",79.12
2005,"Calcutta",79.11
2012,"Bangui",79.10
2000,"Dhaka",79.10
2015,"Bangui",79.08
1998,"Dar Es Salaam",79.08
2012,"Karachi",79.07
2002,"Banjul",79.05
1995,"Kuwait",79.05
2009,"Dhaka",79.02
2012,"Banjul",79.00
2008,"Vientiane",78.99
2006,"Banjul",78.96
1998,"Nouakchott",78.96
2001,"Dhaka",78.96
2010,"Nouakchott",78.93
2004,"Dhaka",78.91
2013,"Banjul",78.91
2001,"Calcutta",78.90
2000,"Banjul",78.89
2017,"Delhi",78.88
2011,"Abidjan",78.87
2010,"Brazzaville",78.85
2016,"Banjul",78.85
1997,"Bangui",78.83
2003,"Dhaka",78.82
2015,"Nouakchott",78.81
1997,"Manama",78.80
2014,"Banjul",78.80
2008,"Dar Es Salaam",78.77
2019,"Banjul",78.77
2014,"Bangui",78.77
1996,"Dhaka",78.77
2013,"Bangui",78.77
2011,"Banjul",78.74
1997,"Calcutta",78.73
2016,"Brazzaville",78.70
2006,"Abidjan",78.70
2001,"Nouakchott",78.70
2008,"Nouakchott",78.68
2008,"Bangui",78.68
1996,"Libreville",78.66
2011,"Maputo",78.65
2009,"Abidjan",78.65
2002,"Dhaka",78.62
2000,"Dar Es Salaam",78.60
2019,"Brazzaville",78.60
2013,"Nouakchott",78.58
1999,"Bangui",78.56
2005,"Nouakchott",78.54
2014,"Brazzaville",78.54
2005,"Bangui",78.54
2018,"Brazzaville",78.53
1997,"Brazzaville",78.52
2006,"Bangui",78.52
1999,"Banjul",78.52
2018,"Bangui",78.48
1997,"Bujumbura",78.43
2004,"Dar Es Salaam",78.43
2016,"Nouakchott",78.41
2003,"Brazzaville",78.39
2015,"Banjul",78.38
1997,"Dar Es Salaam",78.38
2005,"Brazzaville",78.38
1995,"Bangui",78.36
2002,"Brazzaville",78.35
1999,"Brazzaville",78.34
2000,"Bangui",78.34
2012,"Libreville",78.33
2004,"Brazzaville",78.33
2004,"Bangui",78.32
2017,"Brazzaville",78.30
2017,"Nouakchott",78.29
1995,"Brazzaville",78.29
2003,"Bangui",78.29
2006,"Nouakchott",78.27
1995,"Dar Es Salaam",78.24
2015,"Brazzaville",78.17
2002,"Dar Es Salaam",78.15
1996,"Nouakchott",78.14
2002,"Bangui",78.13
2007,"Dhaka",78.11
2018,"Delhi",78.01
2010,"Delhi",78.01
2001,"Dar Es Salaam",78.00
1996,"Banjul",77.98
2001,"Bangui",77.97
2006,"Brazzaville",77.96
1995,"Banjul",77.94
2009,"Brazzaville",77.91
2013,"Brazzaville",77.91
2012,"Nouakchott",77.90
1995,"Nouakchott",77.88
2011,"Brazzaville",77.88
2010,"Dakar",77.87
2005,"Dhaka",77.86
2019,"Delhi",77.86
1996,"Dar Es Salaam",77.84
2018,"Banjul",77.84
2007,"Nouakchott",77.83
2006,"Delhi",77.80
1999,"Dar Es Salaam",77.79
2007,"Brazzaville",77.78
1996,"Bangui",77.78
2009,"Delhi",77.77
2002,"Nouakchott",77.76
2020,"Maputo",77.72
2012,"Brazzaville",77.70
2014,"Nouakchott",77.62
2004,"Nouakchott",77.62
2000,"Nouakchott",77.58
2008,"Brazzaville",77.58
2003,"Nouakchott",77.51
2015,"Delhi",77.49
2001,"Brazzaville",77.46
1999,"Bujumbura",77.40
2002,"Delhi",77.39
2005,"Dakar",77.35
2019,"Hong Kong",77.31
2017,"Dakar",77.29
2004,"Delhi",77.28
2007,"Abidjan",77.26
2019,"Hanoi",77.23
2015,"Hong Kong",77.22
2011,"Nouakchott",77.21
2009,"Nouakchott",77.19
2015,"Hanoi",77.16
1997,"Dhaka",77.15
2008,"Dakar",77.14
1996,"Brazzaville",77.12
1998,"Hanoi",77.10
1999,"Dhaka",77.09
1998,"Dakar",77.05
1999,"Delhi",76.96
2014,"Delhi",76.94
1995,"Delhi",76.94
2001,"Dakar",76.93
1999,"Nouakchott",76.92
2000,"Brazzaville",76.91
2012,"Delhi",76.90
2016,"Dakar",76.81
1997,"Dakar",76.78
2007,"Delhi",76.71
2013,"Delhi",76.70
2016,"Hanoi",76.68
2017,"Hong Kong",76.63
2004,"Bujumbura",76.61
2015,"Dakar",76.60
2000,"Delhi",76.60
2013,"Dakar",76.58
2011,"Dakar",76.56
2005,"Delhi",76.56
2020,"Karachi",76.46
2019,"Dakar",76.45
1998,"Delhi",76.41
2011,"Delhi",76.39
2012,"Dakar",76.36
2009,"Hanoi",76.36
2018,"Hanoi",76.33
2006,"Dakar",76.30
2007,"Dakar",76.27
1998,"Hong Kong",76.25
2010,"Hanoi",76.21
2008,"Delhi",76.20
2016,"Hong Kong",76.18
2017,"Hanoi",76.18
2018,"Hong Kong",76.18
2004,"Dakar",76.17
2007,"Hong Kong",76.17
2001,"Delhi",76.15
2014,"Hong Kong",76.13
2000,"Islamabad",76.08
2014,"Dakar",76.05
2003,"Hanoi",75.98
2003,"Dakar",75.94
2002,"Dakar",75.94
2009,"Hong Kong",75.93
1997,"Hanoi",75.92
1999,"Hanoi",75.91
2006,"Hong Kong",75.89
2007,"Hanoi",75.87
2002,"Hong Kong",75.87
2003,"Delhi",75.87
2006,"Hanoi",75.85
1995,"Dakar",75.82
1996,"Delhi",75.75
2003,"Hong Kong",75.75
1996,"Dakar",75.74
2018,"Cairo",75.72
2009,"Dakar",75.66
2008,"Dhaka",75.64
2019,"Taipei",75.62
2012,"Hong Kong",75.60
2000,"Dakar",75.59
2001,"Hong Kong",75.57
2014,"Hanoi",75.55
1999,"Hong Kong",75.54
2010,"Cairo",75.51
2018,"Taipei",75.46
2013,"Hong Kong",75.45
2010,"Hong Kong",75.45
2004,"Hong Kong",75.33
2013,"Hanoi",75.30
2019,"Maputo",75.27
2012,"Hanoi",75.26
1997,"Hong Kong",75.25
2000,"Hong Kong",75.23
2003,"Maputo",75.19
1998,"Maputo",75.18
2015,"Maputo",75.14
2010,"Maputo",75.11
2007,"Maputo",75.11
2002,"Hanoi",75.08
2005,"Hong Kong",75.08
2019,"Guangzhou",75.07
2017,"Taipei",75.04
2002,"Taipei",75.00
2018,"Dakar",74.99
1999,"Dakar",74.97
1996,"Hong Kong",74.97
2020,"Calcutta",74.96
2002,"Maputo",74.92
2016,"Cairo",74.88
1999,"Maputo",74.85
2016,"Maputo",74.81
2008,"Hong Kong",74.80
2018,"Maputo",74.77
2008,"Maputo",74.76
2001,"Maputo",74.75
2016,"Taipei",74.72
2004,"Maputo",74.71
2011,"Hong Kong",74.71
2020,"Brisbane",74.66
2014,"Maputo",74.62
1998,"Taipei",74.61
2015,"Guangzhou",74.60
2015,"Taipei",74.58
1998,"Lusaka",74.56
2005,"Maputo",74.53
2009,"Maputo",74.50
2017,"Guangzhou",74.47
1997,"Delhi",74.46
2017,"Maputo",74.43
1995,"Maputo",74.42
1995,"Hanoi",74.39
2006,"Taipei",74.39
2000,"Hanoi",74.38
2003,"Taipei",74.36
2001,"Hanoi",74.34
1996,"Hanoi",74.32
2018,"Guangzhou",74.32
2005,"Hanoi",74.31
1998,"Guangzhou",74.29
2009,"Taipei",74.27
2008,"Hanoi",74.23
2000,"Maputo",74.18
2008,"Taipei",74.16
1996,"Maputo",74.14
2009,"Guangzhou",74.14
2009,"Cairo",74.12
1995,"Hong Kong",74.12
2020,"Kampala",74.06
2007,"Taipei",74.05
2005,"Bujumbura",74.05
2017,"Cairo",74.02
2007,"Guangzhou",74.01
2013,"Maputo",74.01
2014,"Taipei",74.00
2006,"Maputo",73.98
1997,"Maputo",73.97
2003,"Windhoek",73.88
2014,"Guangzhou",73.85
2019,"Cairo",73.83
2006,"Guangzhou",73.82
2016,"Kampala",73.81
2016,"Guangzhou",73.80
1998,"Kampala",73.80
2010,"Taipei",73.77
2013,"Taipei",73.75
2001,"Taipei",73.73
1999,"Guangzhou",73.71
2004,"Hanoi",73.64
2003,"Guangzhou",73.64
2005,"Taipei",73.62
2020,"Dakar",73.61
2011,"Hanoi",73.59
2004,"Taipei",73.47
2012,"Maputo",73.46
2002,"Guangzhou",73.43
1996,"Taipei",73.40
2008,"Cairo",73.39
2016,"Islamabad",73.36
2013,"Guangzhou",73.32
2010,"Guangzhou",73.32
2012,"Taipei",73.30
2000,"Taipei",73.22
2015,"Kampala",73.22
2014,"Cairo",73.16
1997,"Taipei",73.15
2005,"Guangzhou",73.11
2012,"Guangzhou",73.07
2019,"Kampala",73.04
2004,"Guangzhou",73.03
2018,"Islamabad",73.03
1995,"Taipei",73.02
2002,"Windhoek",73.01
2001,"Guangzhou",73.01
2010,"Kampala",72.98
2017,"Islamabad",72.96
2011,"Guangzhou",72.96
2004,"Nicosia",72.95
1999,"Islamabad",72.93
2013,"Kampala",72.92
1995,"Lusaka",72.92
1997,"Lusaka",72.89
2008,"Guangzhou",72.88
2017,"Kampala",72.88
2000,"Guangzhou",72.87
2000,"Nicosia",72.81
2007,"Cairo",72.80
2011,"Taipei",72.79
2010,"Islamabad",72.79
2000,"Lusaka",72.78
2009,"Kampala",72.78
2001,"Cairo",72.74
2004,"Kampala",72.73
2001,"Lusaka",72.72
2015,"Cairo",72.72
2012,"Cairo",72.68
2012,"Kampala",72.68
2010,"Beirut",72.66
1997,"Kampala",72.65
1998,"Cairo",72.64
2002,"Islamabad",72.63
2020,"Perth",72.62
2014,"Kampala",72.62
1997,"Guangzhou",72.60
2013,"Cairo",72.59
2003,"Kampala",72.56
2014,"Lusaka",72.54
2002,"Kampala",72.53
2002,"Cairo",72.51
2005,"Kampala",72.37
2006,"Kampala",72.37
1996,"Tel Aviv",72.35
2007,"Kampala",72.35
2003,"Cairo",72.35
2011,"Kampala",72.33
2006,"Islamabad",72.30
2012,"Islamabad",72.29
1999,"Cairo",72.28
2004,"Cairo",72.27
2020,"Manama",72.24
2010,"Lilongwe",72.21
1996,"Lusaka",72.20
2020,"Windhoek",72.20
2008,"Kampala",72.19
2002,"Lilongwe",72.18
2018,"Kampala",72.18
2013,"Islamabad",72.16
2009,"Islamabad",72.14
2018,"Beirut",72.11
1999,"Kampala",72.11
2006,"Cairo",72.11
2019,"Windhoek",72.08
2011,"Islamabad",72.08
1995,"Guangzhou",72.04
2005,"Cairo",72.04
2001,"Islamabad",72.03
1997,"Tirana",71.93
1995,"Kampala",71.91
2000,"Kampala",71.87
2011,"Cairo",71.86
1996,"Guangzhou",71.86
1999,"Lusaka",71.80
2001,"Kampala",71.74
2012,"Lilongwe",71.69
2004,"Islamabad",71.67
2007,"Islamabad",71.45
2016,"Beirut",71.41
1998,"Lilongwe",71.40
1998,"Windhoek",71.34
1996,"Cairo",71.32
1998,"Nicosia",71.32
2015,"Islamabad",71.30
1996,"Kampala",71.29
2011,"Lilongwe",71.28
2000,"Cairo",71.24
2008,"Islamabad",71.22
2014,"Beirut",71.22
2006,"Tel Aviv",71.22
2005,"Tel Aviv",71.20
2019,"Beirut",71.12
1998,"Tel Aviv",71.10
2014,"Islamabad",71.09
1998,"Islamabad",71.08
2002,"Lusaka",71.04
2001,"Windhoek",71.00
2015,"Beirut",70.98
2003,"Lilongwe",70.97
2017,"Beirut",70.94
2001,"Beirut",70.93
2005,"Windhoek",70.93
2013,"Beirut",70.91
2016,"Windhoek",70.89
2012,"Beirut",70.87
1999,"Tel Aviv",70.82
2003,"Islamabad",70.81
1995,"Cairo",70.77
1997,"Cairo",70.77
2020,"Hanoi",70.75
2009,"Beirut",70.74
2020,"Hong Kong",70.61
2005,"Lusaka",70.60
2020,"Melbourne",70.59
2002,"Tel Aviv",70.57
1999,"Beirut",70.56
2013,"Windhoek",70.54
2008,"Beirut",70.45
1998,"Beirut",70.43
1999,"Lilongwe",70.33
2018,"Windhoek",70.33
2007,"Tel Aviv",70.32
2002,"Beirut",70.28
1999,"Taipei",70.28
2018,"Nouakchott",70.25
2007,"Beirut",70.22
1995,"Islamabad",70.18
2003,"Beirut",70.12
2009,"Katmandu",70.07
2004,"Windhoek",70.07
2017,"Brisbane",70.04
2005,"Islamabad",70.03
2011,"Beirut",70.00
1996,"Islamabad",69.95
2013,"Lusaka",69.93
2016,"Brisbane",69.93
1996,"Lilongwe",69.92
2006,"Lilongwe",69.90
2001,"Tel Aviv",69.89
2000,"Tel Aviv",69.84
2013,"Lilongwe",69.79
2019,"Brisbane",69.78
2012,"Lusaka",69.75
2003,"Tel Aviv",69.74
2004,"Beirut",69.74
1996,"Nicosia",69.70
2015,"Windhoek",69.68
2005,"Beirut",69.65
2010,"Katmandu",69.62
2010,"Windhoek",69.53
2014,"Brisbane",69.45
2020,"Antananarivo",69.44
2000,"Beirut",69.42
2020,"Delhi",69.41
2011,"Lusaka",69.39
1996,"Beirut",69.34
2009,"Brisbane",69.32
2006,"Nairobi",69.32
2004,"Tel Aviv",69.30
2006,"Beirut",69.20
2005,"Brisbane",69.19
2003,"Lusaka",69.18
1995,"Windhoek",69.16
1995,"Beirut",69.15
2004,"Lusaka",69.15
2018,"Brisbane",69.11
2020,"Kuwait",69.07
2017,"Windhoek",69.07
1998,"Brisbane",69.03
2009,"Nicosia",69.03
1997,"Islamabad",69.00
2013,"Brisbane",68.99
2020,"Nairobi",68.97
2007,"Brisbane",68.94
2015,"Brisbane",68.90
1995,"Lilongwe",68.90
1995,"Nairobi",68.81
2012,"Windhoek",68.76
1999,"Windhoek",68.75
2002,"Brisbane",68.68
2010,"Brisbane",68.67
2017,"Nairobi",68.65
2020,"Taipei",68.64
1997,"Beirut",68.64
2007,"Windhoek",68.64
2004,"Brisbane",68.62
1995,"Tel Aviv",68.62
2008,"Katmandu",68.59
2006,"Brisbane",68.55
1997,"Tel Aviv",68.48
2001,"Brisbane",68.47
1996,"Windhoek",68.39
2005,"Nairobi",68.35
2019,"Nairobi",68.34
2014,"Tunis",68.28
1999,"Katmandu",68.21
2012,"Tunis",68.20
2005,"Katmandu",68.19
2010,"Amman",68.18
1997,"Lilongwe",68.18
2012,"Brisbane",68.17
2008,"Nicosia",68.06
1996,"Nairobi",68.04
2000,"Windhoek",68.04
2001,"Lilongwe",68.01
2020,"Guangzhou",67.99
2001,"Nicosia",67.97
2009,"Windhoek",67.97
2016,"Nairobi",67.96
2003,"Brisbane",67.94
1999,"Nairobi",67.93
2006,"Lusaka",67.90
2007,"Lusaka",67.87
2008,"Brisbane",67.87
2015,"Nairobi",67.87
1997,"Brisbane",67.85
1995,"Brisbane",67.84
2003,"Tunis",67.80
2011,"Brisbane",67.78
2000,"Brisbane",67.74
1999,"Dusanbe",67.71
1999,"Tunis",67.71
1996,"Brisbane",67.69
2016,"Tunis",67.68
1998,"Katmandu",67.64
1997,"Windhoek",67.58
2012,"Nairobi",67.58
2014,"Windhoek",67.56
2004,"Nairobi",67.55
2001,"Tunis",67.51
2004,"Katmandu",67.50
2006,"Tunis",67.49
2015,"Tunis",67.42
2019,"Tunis",67.41
2002,"Nicosia",67.40
1999,"Brisbane",67.40
2008,"Tunis",67.35
2013,"Tunis",67.30
2009,"Tunis",67.28
2018,"Tunis",67.28
2014,"Nairobi",67.23
2008,"Lusaka",67.22
2008,"Windhoek",67.20
2019,"Antananarivo",67.20
2007,"Nicosia",67.18
2007,"Tunis",67.17
2010,"Tunis",67.15
2003,"Katmandu",67.15
2013,"Nairobi",67.14
2011,"Tunis",67.14
2010,"Athens",67.13
2000,"Tunis",67.12
2012,"Katmandu",67.09
1997,"Tunis",67.09
1997,"Dusanbe",67.08
2011,"Katmandu",67.06
2017,"Tunis",67.02
2020,"Capetown",67.02
2011,"Perth",66.96
2002,"Tunis",66.87
1997,"Nairobi",66.87
1997,"Antananarivo",66.87
2018,"Nairobi",66.86
2016,"Melbourne",66.76
2011,"Nairobi",66.74
1999,"Athens",66.72
1995,"Tunis",66.70
2003,"Nairobi",66.68
2011,"Antananarivo",66.66
2018,"Amman",66.63
2010,"Antananarivo",66.61
1998,"Tunis",66.60
2019,"Melbourne",66.56
2017,"Melbourne",66.47
2004,"Tunis",66.47
2000,"Lilongwe",66.46
2009,"Lusaka",66.44
2005,"Nicosia",66.43
2013,"Melbourne",66.36
2006,"Nicosia",66.33
2002,"Katmandu",66.31
2014,"Antananarivo",66.29
2010,"Lusaka",66.27
2015,"Perth",66.24
1995,"Antananarivo",66.24
2005,"Tunis",66.24
2011,"Athens",66.22
2015,"Antananarivo",66.22
2001,"Antananarivo",66.21
2017,"Antananarivo",66.20
2010,"Nairobi",66.17
2018,"Melbourne",66.17
2002,"Addis Ababa",66.16
2001,"Athens",66.14
2019,"Perth",66.13
2013,"Perth",66.09
2014,"Melbourne",66.05
2014,"Perth",66.05
1998,"Nairobi",66.00
2001,"Katmandu",66.00
2018,"Antananarivo",65.99
2016,"Amman",65.99
2000,"Nairobi",65.96
2002,"Antananarivo",65.93
2008,"Athens",65.90
2009,"Melbourne",65.89
2009,"Antananarivo",65.88
2012,"Perth",65.87
2003,"Antananarivo",65.86
2002,"Nairobi",65.81
2000,"Athens",65.80
1999,"Nicosia",65.80
2000,"Katmandu",65.77
2007,"Athens",65.77
2005,"Melbourne",65.76
2009,"Athens",65.75
2017,"Amman",65.74
1996,"Antananarivo",65.73
1998,"Perth",65.72
1996,"Tunis",65.72
2015,"Melbourne",65.70
1999,"Perth",65.66
2016,"Antananarivo",65.66
2014,"Algiers",65.65
2012,"Amman",65.64
2011,"Windhoek",65.63
2007,"Melbourne",65.58
2017,"Katmandu",65.56
2007,"Antananarivo",65.55
2005,"Antananarivo",65.54
2016,"Katmandu",65.51
1998,"Athens",65.50
2003,"Algiers",65.49
2015,"Chengdu",65.49
1998,"Amman",65.46
2014,"Amman",65.45
2018,"Ashabad",65.45
2010,"Melbourne",65.44
2017,"Perth",65.43
2006,"Antananarivo",65.43
2010,"Perth",65.43
2010,"Ashabad",65.38
2004,"Antananarivo",65.35
1996,"Perth",65.34
2009,"Perth",65.33
1998,"Antananarivo",65.32
2016,"Algiers",65.31
1997,"Perth",65.27
2018,"Shanghai",65.27
2015,"Amman",65.25
2006,"Melbourne",65.24
1998,"Melbourne",65.23
2008,"Amman",65.21
2013,"Chengdu",65.21
2004,"Melbourne",65.21
2019,"Amman",65.20
2001,"Nairobi",65.20
2016,"Chengdu",65.20
2002,"Athens",65.20
2019,"Ashabad",65.19
2013,"Ashabad",65.19
2008,"Antananarivo",65.18
2020,"Addis Ababa",65.18
2017,"Shanghai",65.17
2001,"Amman",65.15
1999,"Antananarivo",65.14
2000,"Antananarivo",65.11
2020,"Auckland",65.10
2001,"Melbourne",65.09
2002,"Melbourne",65.09
2015,"Ashabad",65.06
2009,"Amman",65.04
2007,"Katmandu",65.04
2013,"Katmandu",65.03
2000,"Perth",65.02
2017,"Algiers",65.00
1995,"Nicosia",64.99
2019,"Algiers",64.99
2018,"Perth",64.98
2011,"Algiers",64.96
2019,"Katmandu",64.96
2011,"Melbourne",64.96
1995,"Athens",64.95
2015,"Algiers",64.94
2016,"Shanghai",64.94
1999,"Amman",64.94
2003,"Perth",64.93
2006,"Algiers",64.93
1997,"Algiers",64.93
1995,"Perth",64.93
1999,"Algiers",64.92
2003,"Athens",64.92
2017,"Chengdu",64.92
2006,"Perth",64.90
2018,"Chengdu",64.86
2018,"Katmandu",64.85
2002,"Perth",64.83
2013,"Amman",64.82
2016,"Ashabad",64.81
1997,"Lisbon",64.80
2012,"Melbourne",64.79
1995,"Rabat",64.79
2006,"Windhoek",64.77
2000,"Melbourne",64.76
1995,"Katmandu",64.76
2007,"Shanghai",64.75
2009,"Algiers",64.71
2004,"Perth",64.67
1999,"Melbourne",64.67
2001,"Algiers",64.67
2016,"Osaka",64.66
2004,"Athens",64.65
2019,"Shanghai",64.65
2003,"Melbourne",64.64
2007,"Amman",64.64
2008,"Perth",64.59
1997,"Rabat",64.59
2014,"Katmandu",64.58
2015,"Katmandu",64.57
2019,"Osaka",64.57
2006,"Chengdu",64.55
1996,"Athens",64.54
2007,"Perth",64.54
2019,"Chengdu",64.54
2006,"Katmandu",64.54
2010,"Rabat",64.51
2017,"Ashabad",64.50
1998,"Shanghai",64.49
2007,"Chengdu",64.49
2006,"Shanghai",64.46
1998,"Ashabad",64.46
2013,"Shanghai",64.45
1997,"Melbourne",64.43
2018,"Algiers",64.42
1995,"Algiers",64.41
1999,"Ashabad",64.41
2005,"Amman",64.39
1995,"Lisbon",64.39
1996,"Amman",64.39
2013,"Antananarivo",64.36
2005,"Ashabad",64.36
2016,"Perth",64.35
2008,"Melbourne",64.29
2012,"Algiers",64.29
2001,"Ashabad",64.29
1998,"Chengdu",64.28
2005,"Athens",64.27
2006,"Amman",64.27
2010,"Algiers",64.27
2004,"Amman",64.26
2007,"Osaka",64.26
2018,"Osaka",64.24
2000,"Ashabad",64.22
1996,"Katmandu",64.22
2017,"Rabat",64.21
2006,"Ashabad",64.21
2016,"Rabat",64.20
2000,"Algiers",64.18
2005,"Addis Ababa",64.18
2006,"Athens",64.17
2003,"Addis Ababa",64.15
2002,"Algiers",64.14
1997,"Chengdu",64.12
2015,"Addis Ababa",64.10
2004,"Algiers",64.09
2009,"Lisbon",64.08
2006,"Rabat",64.07
2009,"Chengdu",64.06
2015,"Osaka",63.99
2008,"Algiers",63.98
2014,"Chengdu",63.96
2001,"Rabat",63.96
2002,"Amman",63.95
1997,"Athens",63.94
2014,"Ashabad",63.93
2001,"Addis Ababa",63.91
2003,"Amman",63.91
2006,"Addis Ababa",63.89
2009,"Shanghai",63.88
2000,"Amman",63.86
2015,"Shanghai",63.85
1998,"Rabat",63.82
2003,"Rabat",63.82
2011,"Amman",63.80
2004,"Shanghai",63.78
2004,"Ashabad",63.78
1998,"Lisbon",63.75
2010,"Osaka",63.74
2011,"Rabat",63.72
2015,"Rabat",63.71
2013,"Algiers",63.70
2014,"Shanghai",63.70
2001,"Perth",63.66
2003,"Tirana",63.65
2013,"Osaka",63.65
2020,"Cairo",63.64
2014,"Addis Ababa",63.63
1996,"Melbourne",63.63
1998,"Algiers",63.62
2007,"Algiers",63.61
2003,"Barcelona",63.58
2018,"Tokyo",63.58
2008,"Osaka",63.56
2014,"Rabat",63.53
2009,"Osaka",63.53
1996,"Algiers",63.53
1996,"Rabat",63.51
2005,"Perth",63.51
2006,"Lisbon",63.50
1995,"Ashabad",63.47
2012,"Ashabad",63.45
2004,"Addis Ababa",63.44
1997,"Nicosia",63.42
2001,"Chengdu",63.41
2004,"Rabat",63.40
2000,"Shanghai",63.38
1999,"Chengdu",63.37
2020,"Canberra",63.37
2016,"Capetown",63.37
2000,"Rabat",63.35
2009,"Ashabad",63.33
2011,"Lisbon",63.33
2010,"Chengdu",63.32
2008,"Ashabad",63.31
2002,"Rabat",63.31
2002,"Tirana",63.30
2014,"Capetown",63.30
1995,"Melbourne",63.30
2002,"Ashabad",63.29
1995,"Amman",63.29
2010,"Shanghai",63.29
2007,"Ashabad",63.28
2002,"Shanghai",63.28
1999,"Lisbon",63.27
2009,"Capetown",63.24
2001,"Shanghai",63.24
2017,"Osaka",63.18
2010,"Lisbon",63.18
2000,"Tirana",63.18
2008,"Shanghai",63.15
2008,"Addis Ababa",63.14
1999,"Capetown",63.13
2019,"Addis Ababa",63.12
1999,"Tirana",63.12
2005,"Shanghai",63.11
2008,"Chengdu",63.11
2004,"Osaka",63.11
2011,"Osaka",63.10
2016,"Addis Ababa",63.10
2019,"Capetown",63.06
2003,"Lisbon",63.06
1997,"Ashabad",63.04
2012,"Barcelona",63.03
2003,"Shanghai",63.02
2002,"Chengdu",63.00
2011,"Chengdu",63.00
1998,"Osaka",62.99
2003,"Chengdu",62.99
2013,"Addis Ababa",62.98
2005,"Rabat",62.97
2008,"Rabat",62.97
2007,"Rabat",62.96
2004,"Chengdu",62.94
1997,"Shanghai",62.94
2015,"Capetown",62.93
2013,"Rabat",62.92
2005,"Algiers",62.91
2006,"Osaka",62.91
2012,"Shanghai",62.91
2011,"Shanghai",62.90
1998,"Dusanbe",62.88
2014,"Barcelona",62.88
1997,"Addis Ababa",62.88
2004,"Barcelona",62.88
2014,"Osaka",62.87
2019,"Tokyo",62.85
1996,"Lisbon",62.85
2011,"Ashabad",62.84
2011,"Barcelona",62.83
2005,"Chengdu",62.83
2017,"Lisbon",62.83
2018,"Capetown",62.82
1999,"Rabat",62.81
2012,"Chengdu",62.79
2011,"Addis Ababa",62.79
2010,"Capetown",62.76
2000,"Chengdu",62.74
2005,"Lisbon",62.74
2009,"Addis Ababa",62.74
2018,"Barcelona",62.72
2013,"Capetown",62.70
2019,"Islamabad",62.70
1999,"Shanghai",62.69
2015,"Barcelona",62.68
2004,"Capetown",62.67
1999,"Tokyo",62.67
2004,"Tokyo",62.67
2004,"Lisbon",62.66
2017,"Capetown",62.65
2016,"Tokyo",62.64
1999,"Addis Ababa",62.63
2012,"Rabat",62.63
2000,"Capetown",62.62
2012,"Capetown",62.62
1997,"Amman",62.61
1997,"Barcelona",62.61
2018,"Rome",62.59
2007,"Addis Ababa",62.57
2008,"Capetown",62.57
2016,"Barcelona",62.57
2007,"Capetown",62.56
2012,"Osaka",62.54
2000,"Addis Ababa",62.54
2018,"Rabat",62.52
2016,"Dusanbe",62.52
2017,"Barcelona",62.51
2012,"Addis Ababa",62.49
2011,"Capetown",62.47
2015,"Tokyo",62.46
2017,"Addis Ababa",62.45
2007,"Lisbon",62.44
2006,"Capetown",62.43
1998,"Addis Ababa",62.41
2019,"Rabat",62.38
2019,"Barcelona",62.37
2020,"Sydney",62.33
2014,"Rome",62.32
2008,"Lisbon",62.32
2002,"Lisbon",62.32
1995,"Addis Ababa",62.29
2010,"Tashkent",62.28
2000,"Lisbon",62.28
2003,"Ashabad",62.27
2013,"Barcelona",62.25
2016,"Lisbon",62.23
2013,"Tokyo",62.23
2010,"Tokyo",62.22
2001,"Lisbon",62.22
2003,"Capetown",62.16
2016,"Tashkent",62.15
2001,"Capetown",62.14
1998,"Tokyo",62.13
2018,"Addis Ababa",62.12
2015,"Lisbon",62.12
2005,"Capetown",62.10
2018,"Tirana",62.10
2007,"Tokyo",62.07
2016,"Rome",62.07
2005,"Barcelona",62.04
1998,"Barcelona",62.04
1995,"Barcelona",62.02
1997,"Tokyo",62.01
2019,"Tashkent",62.00
2009,"Barcelona",61.99
2006,"Barcelona",61.99
2003,"Bilbao",61.98
1995,"Chengdu",61.96
2019,"Lisbon",61.94
2004,"Tashkent",61.93
2002,"Osaka",61.90
2009,"Rabat",61.86
2002,"Capetown",61.86
2019,"Rome",61.86
1998,"Capetown",61.86
1999,"Osaka",61.81
2017,"Dusanbe",61.80
2014,"Lisbon",61.78
2000,"Osaka",61.75
1997,"Capetown",61.75
2019,"Tirana",61.67
1996,"Addis Ababa",61.66
2018,"Dusanbe",61.66
2017,"Tokyo",61.65
1999,"Barcelona",61.64
2014,"Tokyo",61.64
2011,"Tokyo",61.61
1998,"Tirana",61.61
2005,"Osaka",61.57
2009,"Tokyo",61.56
2006,"Tashkent",61.56
2009,"Rome",61.53
2004,"Tirana",61.52
1996,"Ashabad",61.50
2001,"Osaka",61.47
2020,"Beirut",61.46
2015,"Rome",61.45
2020,"Islamabad",61.45
2000,"Tokyo",61.45
2010,"Addis Ababa",61.44
2013,"Lisbon",61.39
2017,"Rome",61.38
2019,"Dusanbe",61.37
2018,"Lisbon",61.35
1995,"Capetown",61.34
2006,"Dusanbe",61.34
2007,"Tirana",61.33
2001,"Dusanbe",61.33
2015,"Tashkent",61.32
2001,"Tashkent",61.32
2003,"Osaka",61.31
2013,"Tashkent",61.28
1998,"Auckland",61.25
1995,"Tokyo",61.24
2001,"Tirana",61.24
2015,"Dusanbe",61.20
2007,"Tashkent",61.20
2008,"Tokyo",61.17
2004,"Dusanbe",61.16
2009,"Tirana",61.16
1995,"Shanghai",61.13
1996,"Barcelona",61.13
2014,"Bilbao",61.11
2002,"Tokyo",61.11
2010,"Dusanbe",61.10
2005,"Tashkent",61.10
2008,"Rome",61.08
2012,"Rome",61.08
2003,"Rome",61.06
2013,"Rome",61.05
2012,"Lisbon",61.05
1996,"Shanghai",61.05
2009,"Tashkent",61.03
2000,"Dusanbe",61.02
2007,"Rome",61.02
2013,"Dusanbe",61.01
2007,"Barcelona",60.99
2015,"Tirana",60.96
2006,"Bilbao",60.93
1996,"Chengdu",60.93
1997,"Osaka",60.92
2006,"Tokyo",60.91
2011,"Rome",60.90
2016,"Auckland",60.88
2002,"Tashkent",60.86
2018,"Tashkent",60.83
2017,"Madrid",60.83
2012,"Tokyo",60.82
2002,"Bilbao",60.81
2005,"Tirana",60.81
2000,"Tashkent",60.79
1997,"Tashkent",60.76
2000,"Rome",60.74
2016,"Tirana",60.73
2017,"Tashkent",60.73
1999,"Rome",60.72
2011,"Dusanbe",60.70
2010,"Barcelona",60.67
2008,"Tirana",60.66
2005,"Tokyo",60.66
2008,"Tashkent",60.66
2014,"Tirana",60.65
2015,"Madrid",60.61
1996,"Capetown",60.58
2018,"Auckland",60.58
1995,"Madrid",60.57
2010,"Tirana",60.57
2001,"Rome",60.57
2019,"Auckland",60.56
2001,"Tokyo",60.55
2008,"Dusanbe",60.54
1998,"Rome",60.53
2008,"Barcelona",60.52
2017,"Auckland",60.52
2005,"Auckland",60.49
2002,"Dusanbe",60.49
2005,"Bilbao",60.47
2011,"Tashkent",60.46
1997,"Rome",60.45
2014,"Madrid",60.44
2013,"Auckland",60.44
2007,"Dusanbe",60.42
2013,"Tirana",60.41
2006,"Rome",60.40
2017,"Tirana",60.38
2012,"Tirana",60.32
2003,"Tokyo",60.31
1999,"Tashkent",60.31
2002,"Rome",60.30
2010,"Rome",60.28
2010,"Auckland",60.25
1996,"Tokyo",60.21
1997,"Madrid",60.21
1999,"Auckland",60.21
2019,"Madrid",60.20
2003,"Tashkent",60.17
2004,"Bilbao",60.16
2012,"Athens",60.16
2011,"Auckland",60.11
1995,"Osaka",60.10
2011,"Madrid",60.10
2000,"Barcelona",60.07
2009,"Dusanbe",60.07
2011,"Bilbao",60.06
2016,"Madrid",60.04
2006,"Bujumbura",59.99
2004,"Rome",59.94
2015,"Bilbao",59.93
2009,"Madrid",59.92
2011,"Tirana",59.92
2000,"Auckland",59.89
2008,"Auckland",59.88
2006,"Tirana",59.87
2005,"Dusanbe",59.86
1996,"Osaka",59.85
2001,"Auckland",59.79
2002,"Barcelona",59.78
2015,"Auckland",59.76
2007,"Auckland",59.73
1995,"Auckland",59.68
1998,"Tashkent",59.68
1995,"Rome",59.68
2014,"Auckland",59.67
1997,"Bilbao",59.65
2006,"Madrid",59.55
2007,"Sydney",59.53
2020,"Tunis",59.53
2002,"Auckland",59.52
1996,"Dusanbe",59.47
1996,"Auckland",59.46
2018,"Bilbao",59.41
2014,"Dusanbe",59.31
2003,"Dusanbe",59.30
2003,"Auckland",59.30
2016,"Bilbao",59.29
2001,"Barcelona",59.28
2001,"Bilbao",59.26
2014,"Sydney",59.24
2012,"Madrid",59.22
2019,"Bilbao",59.20
2018,"Madrid",59.19
1996,"Rome",59.13
2012,"Auckland",59.11
1995,"Tashkent",59.08
2019,"Sydney",59.07
2006,"Auckland",59.03
2018,"Sydney",59.02
2005,"Rome",59.01
2013,"Sydney",58.99
2003,"Madrid",58.95
1995,"Bilbao",58.95
2012,"Tashkent",58.94
2017,"Sydney",58.93
2014,"Tashkent",58.87
2009,"Auckland",58.86
2017,"Bilbao",58.83
1996,"Madrid",58.83
2009,"Sydney",58.82
2016,"Sydney",58.81
2009,"Bilbao",58.76
1998,"Madrid",58.72
1997,"Auckland",58.70
2013,"Madrid",58.59
2015,"Sydney",58.58
2005,"Madrid",58.58
2012,"Dusanbe",58.57
2004,"Auckland",58.55
2020,"Chengdu",58.52
2008,"Bilbao",58.52
2005,"Sydney",58.46
2010,"Madrid",58.35
2011,"Bordeaux",58.35
1999,"Bilbao",58.29
2000,"Sydney",58.29
1998,"Bilbao",58.23
2003,"Bordeaux",58.22
2012,"Bilbao",58.18
2000,"Bilbao",58.18
1998,"Tbilisi",58.17
1997,"Bordeaux",58.17
1997,"Katmandu",58.15
1999,"Madrid",58.15
2003,"Nicosia",58.12
2013,"Bilbao",58.08
1999,"Sydney",58.06
2010,"Sydney",58.05
2020,"Algiers",58.03
2012,"Sydney",58.03
2020,"Katmandu",57.97
2020,"Rabat",57.94
2002,"Madrid",57.89
2011,"Sydney",57.88
2002,"Sydney",57.88
2008,"Sydney",57.85
2019,"Canberra",57.84
2007,"Bilbao",57.81
2000,"Madrid",57.80
2001,"Sydney",57.79
2007,"Canberra",57.74
2019,"Bordeaux",57.70
2018,"Bordeaux",57.70
2008,"Madrid",57.66
2003,"Sydney",57.66
2009,"Canberra",57.66
2006,"Bordeaux",57.61
2004,"Madrid",57.57
2006,"Sydney",57.55
2018,"Milan",57.43
1997,"Sydney",57.42
1996,"Bilbao",57.41
1995,"Bordeaux",57.37
2010,"Bilbao",57.32
2001,"Madrid",57.30
2004,"Sydney",57.25
1999,"Bordeaux",57.21
1999,"Tbilisi",57.20
2000,"Bordeaux",57.19
2016,"Canberra",57.19
1996,"Tashkent",57.18
2000,"Tbilisi",57.18
2005,"Tbilisi",57.16
2019,"Milan",57.15
2006,"Canberra",57.12
2002,"Bordeaux",57.10
2001,"Tbilisi",57.10
2015,"Bordeaux",57.08
2018,"Canberra",57.08
1995,"Tbilisi",57.06
2009,"Bordeaux",57.00
2002,"Canberra",56.98
2019,"Belgrade",56.98
2014,"Bordeaux",56.90
2017,"Bordeaux",56.86
1998,"Sydney",56.85
2018,"Belgrade",56.85
2004,"Canberra",56.84
2014,"Beijing",56.82
2019,"Skopje",56.81
2016,"Bordeaux",56.79
2003,"Canberra",56.76
2007,"Beijing",56.75
1998,"Yerevan",56.74
2003,"Yerevan",56.69
2004,"Tbilisi",56.67
2005,"Canberra",56.65
2014,"Canberra",56.62
2007,"Madrid",56.61
2000,"Belgrade",56.60
1999,"Canberra",56.57
2017,"Beijing",56.56
2019,"Zagreb",56.56
2019,"Beijing",56.50
2018,"Zagreb",56.49
2001,"Bordeaux",56.48
2020,"Lisbon",56.45
2013,"Canberra",56.45
2017,"Canberra",56.42
1998,"Bordeaux",56.41
2017,"Milan",56.38
1996,"Frankfurt",56.38
2012,"Bordeaux",56.36
2005,"Bordeaux",56.30
2002,"Tbilisi",56.29
2004,"Bordeaux",56.28
2007,"Bordeaux",56.27
1999,"Yerevan",56.23
2014,"Zagreb",56.22
2001,"Canberra",56.14
2015,"Belgrade",56.10
2008,"Canberra",56.09
2014,"Belgrade",56.08
2015,"Beijing",56.06
1995,"Sydney",56.06
1996,"Yerevan",56.02
2008,"Belgrade",56.02
2018,"Skopje",56.01
1995,"Beijing",56.00
2010,"Canberra",55.98
1996,"Bordeaux",55.93
2013,"Bordeaux",55.93
2016,"Beijing",55.93
2006,"Beijing",55.92
2015,"Canberra",55.90
1998,"Beijing",55.89
2008,"Skopje",55.88
2008,"Bordeaux",55.88
2014,"Milan",55.88
2007,"Pyongyang",55.88
2015,"Milan",55.87
2000,"Zagreb",55.85
2003,"Tbilisi",55.84
2018,"Beijing",55.84
2000,"Frankfurt",55.83
2016,"Milan",55.81
1997,"Canberra",55.80
2007,"Zagreb",55.78
2001,"Yerevan",55.76
2014,"Skopje",55.75
2012,"Belgrade",55.72
2015,"Zagreb",55.70
2007,"Skopje",55.69
2011,"Milan",55.66
2003,"Milan",55.66
1996,"Tbilisi",55.59
2019,"Bucharest",55.58
2004,"Beijing",55.58
1997,"Paris",55.58
2017,"Zagreb",55.57
2013,"Skopje",55.57
2012,"Zagreb",55.56
1996,"Sydney",55.56
1998,"Skopje",55.56
2017,"Belgrade",55.55
1995,"Yerevan",55.52
2009,"Belgrade",55.51
1997,"Tbilisi",55.51
2007,"Belgrade",55.49
1999,"Beijing",55.48
2016,"Seoul",55.47
2000,"Canberra",55.45
2000,"Yerevan",55.44
2020,"Barcelona",55.44
1995,"Paris",55.43
2013,"Belgrade",55.41
1995,"Canberra",55.39
2000,"Milan",55.35
2015,"Skopje",55.31
2005,"Beijing",55.31
2019,"Bishkek",55.29
1998,"Canberra",55.28
1996,"Skopje",55.27
2002,"Belgrade",55.25
2009,"Zagreb",55.25
2010,"Skopje",55.22
2008,"Zagreb",55.22
2015,"Seoul",55.19
2002,"Beijing",55.16
2010,"Bordeaux",55.15
1997,"Beijing",55.14
2020,"Bilbao",55.11
2011,"Canberra",55.11
2019,"Seoul",55.09
2012,"Milan",55.05
2012,"Skopje",55.05
2016,"Belgrade",55.02
2011,"Paris",55.00
1999,"Paris",54.99
1997,"Skopje",54.95
2020,"Shanghai",54.92
2016,"Skopje",54.91
2003,"Beijing",54.91
2013,"Bishkek",54.90
1999,"Milan",54.90
2001,"Beijing",54.89
2008,"Beijing",54.87
2017,"Skopje",54.87
2004,"Seoul",54.84
1995,"Bonn",54.83
2016,"Bishkek",54.83
2016,"Zagreb",54.83
1998,"Seoul",54.82
1996,"Beijing",54.81
2011,"Beijing",54.78
1995,"Skopje",54.78
2000,"Beijing",54.77
2015,"Bishkek",54.77
2002,"Zagreb",54.75
2019,"Paris",54.74
2004,"Frankfurt",54.73
2011,"Zagreb",54.73
1999,"Skopje",54.73
2007,"Bucharest",54.72
1997,"Milan",54.72
2009,"Milan",54.69
2009,"Beijing",54.68
2003,"Skopje",54.66
1998,"Bonn",54.66
2009,"Skopje",54.62
2014,"Seoul",54.59
2001,"Milan",54.59
2003,"Paris",54.56
2018,"Bucharest",54.53
2015,"Bucharest",54.53
2007,"Bujumbura",54.53
1998,"Paris",54.52
2008,"Milan",54.51
2013,"Beijing",54.46
2003,"Zagreb",54.46
2007,"Milan",54.46
2002,"Paris",54.42
2012,"Canberra",54.42
2001,"Skopje",54.41
2012,"Antananarivo",54.40
2002,"Milan",54.39
1999,"Frankfurt",54.38
1997,"Yerevan",54.38
2014,"London",54.37
2013,"Zagreb",54.37
2017,"Paris",54.37
2010,"Belgrade",54.36
2013,"Milan",54.35
2000,"Paris",54.34
2018,"Geneva",54.32
1998,"Milan",54.29
2015,"Paris",54.27
2000,"Bishkek",54.26
2019,"Bratislava",54.25
2011,"Belgrade",54.25
2018,"Bratislava",54.25
2018,"Seoul",54.24
2006,"Zagreb",54.22
2004,"Bishkek",54.22
2006,"Paris",54.20
2000,"Skopje",54.17
2018,"Paris",54.17
2001,"Zagreb",54.16
2006,"Bishkek",54.15
2010,"Bishkek",54.14
2017,"Seoul",54.14
2020,"Amman",54.12
2004,"Skopje",54.08
2006,"Milan",54.08
2007,"Seoul",54.08
2014,"Paris",54.07
2018,"Budapest",54.04
2019,"Budapest",54.04
2006,"Seoul",54.02
1996,"Canberra",54.02
2002,"Hamburg",54.01
2007,"Paris",53.99
2014,"Bratislava",53.95
2001,"Paris",53.94
2008,"Seoul",53.94
2007,"Bishkek",53.93
1998,"Belgrade",53.93
2018,"London",53.91
2019,"Vienna",53.91
2001,"Belgrade",53.88
2000,"Bonn",53.84
1999,"Belgrade",53.84
2017,"Bishkek",53.83
2000,"Bucharest",53.83
2002,"Bishkek",53.83
2005,"Paris",53.83
2008,"Bishkek",53.82
2005,"Bishkek",53.79
2018,"Vienna",53.79
1999,"Seoul",53.78
2009,"Bucharest",53.77
2012,"Bucharest",53.76
1998,"Pyongyang",53.76
2011,"Skopje",53.75
2009,"Seoul",53.75
2002,"Skopje",53.73
2016,"Bucharest",53.70
2012,"Beijing",53.70
2004,"Milan",53.69
2014,"Budapest",53.69
1999,"Zagreb",53.66
2015,"Bratislava",53.65
2011,"London",53.62
2008,"Bucharest",53.62
2003,"Belgrade",53.61
2015,"Budapest",53.60
2013,"Bucharest",53.60
2004,"Paris",53.59
2003,"London",53.55
2005,"Frankfurt",53.55
2007,"Sofia",53.54
2017,"London",53.54
1998,"Bishkek",53.53
2019,"London",53.51
1995,"Belfast",53.49
2009,"Bishkek",53.49
2013,"Sofia",53.48
2007,"Bratislava",53.48
2009,"Paris",53.48
2015,"Vienna",53.47
2001,"Bonn",53.45
2005,"Milan",53.45
2004,"Belgrade",53.44
2015,"London",53.44
2006,"Skopje",53.42
2017,"Bucharest",53.40
2008,"Sofia",53.40
2002,"London",53.39
2001,"Bishkek",53.38
2016,"Sofia",53.37
2015,"Sofia",53.37
1997,"London",53.36
2014,"Vienna",53.35
2014,"Amsterdam",53.33
2006,"Belgrade",53.33
2015,"Almaty",53.32
1999,"Bucharest",53.32
2007,"London",53.31
1995,"London",53.31
1999,"London",53.30
2019,"Pyongyang",53.30
2019,"Geneva",53.29
2007,"Budapest",53.29
2010,"Milan",53.27
2003,"Bishkek",53.26
2012,"Paris",53.26
2014,"Geneva",53.24
2019,"Sofia",53.24
2014,"Bucharest",53.23
2014,"Pyongyang",53.22
2010,"Zagreb",53.22
2008,"Paris",53.21
2006,"London",53.21
2012,"Sofia",53.20
2016,"Paris",53.20
2000,"Bratislava",53.20
2020,"Osaka",53.16
2010,"Beijing",53.16
2003,"Seoul",53.14
2014,"Sofia",53.14
2015,"Geneva",53.13
2000,"Budapest",53.13
2014,"Brussels",53.13
2002,"Yerevan",53.12
2019,"Almaty",53.12
2015,"Pyongyang",53.11
2013,"Seoul",53.11
2008,"Bratislava",53.10
2004,"London",53.10
2011,"Geneva",53.09
2002,"Pristina",53.09
2010,"Seoul",53.09
2002,"Seoul",53.08
2018,"Brussels",53.06
1995,"Belgrade",53.05
2005,"Skopje",53.05
2003,"Pristina",53.05
2004,"Zagreb",53.05
2018,"Sofia",53.04
2016,"Pyongyang",53.03
2007,"Vienna",53.01
2001,"Bucharest",52.99
2006,"Hamburg",52.98
2016,"London",52.91
2005,"London",52.90
2012,"Bratislava",52.88
2010,"Sofia",52.86
2018,"Amsterdam",52.85
2002,"Bucharest",52.84
2018,"Bishkek",52.83
2002,"Budapest",52.80
2020,"Tokyo",52.79
2010,"Bucharest",52.79
2009,"London",52.79
2006,"Geneva",52.78
2007,"Hamburg",52.77
1998,"London",52.77
2000,"Vienna",52.76
1999,"Bishkek",52.75
2012,"Seoul",52.73
2008,"Hamburg",52.73
2017,"Bratislava",52.72
1996,"Paris",52.71
1996,"Belfast",52.70
2020,"Rome",52.68
1995,"Frankfurt",52.68
2016,"Almaty",52.67
2000,"London",52.66
2009,"Sofia",52.65
2017,"Sofia",52.65
2004,"Pyongyang",52.65
1995,"Milan",52.64
2008,"Budapest",52.64
2011,"Seoul",52.63
1997,"Seoul",52.60
2007,"Amsterdam",52.60
2008,"Vienna",52.59
2020,"Ashabad",52.59
2012,"Budapest",52.56
1999,"Pyongyang",52.54
1996,"Milan",52.54
2008,"London",52.52
2019,"Brussels",52.50
2013,"Paris",52.50
2009,"Budapest",52.50
2011,"Brussels",52.48
1995,"Dusanbe",52.47
2019,"Amsterdam",52.47
2003,"Geneva",52.47
2017,"Geneva",52.46
2006,"Bucharest",52.45
2006,"Amsterdam",52.44
2001,"Seoul",52.44
2011,"Bishkek",52.42
2002,"Frankfurt",52.42
2009,"Geneva",52.39
2002,"Bratislava",52.38
2000,"Seoul",52.38
2012,"Bishkek",52.37
2008,"Pyongyang",52.36
2016,"Bratislava",52.36
2017,"Vienna",52.35
1998,"Zagreb",52.35
2002,"Brussels",52.33
2014,"Belfast",52.33
2001,"Pristina",52.32
2003,"Brussels",52.32
2000,"Brussels",52.32
2020,"Bordeaux",52.31
2013,"Budapest",52.30
2005,"Seoul",52.29
2003,"Bratislava",52.27
2017,"Pyongyang",52.25
2001,"London",52.24
2005,"Zagreb",52.24
2009,"Bratislava",52.23
1997,"Belgrade",52.22
2017,"Budapest",52.22
2016,"Budapest",52.21
2013,"Bratislava",52.18
1996,"Zagreb",52.18
2007,"Geneva",52.17
2007,"Brussels",52.15
2005,"Brussels",52.14
2003,"Hamburg",52.14
2017,"Brussels",52.13
2017,"Almaty",52.13
1999,"Brussels",52.13
2016,"Geneva",52.12
2018,"Pyongyang",52.12
2017,"Amsterdam",52.11
2016,"Vienna",52.11
2018,"Zurich",52.09
1999,"Amsterdam",52.06
2006,"Brussels",52.06
2009,"Pyongyang",52.06
2001,"Frankfurt",52.05
2005,"Belgrade",52.05
2012,"Geneva",52.03
2011,"Bucharest",52.03
2003,"Pyongyang",52.00
2011,"Bratislava",51.99
1997,"Belfast",51.99
2005,"Hamburg",51.98
1999,"Bonn",51.97
2000,"Pristina",51.96
2003,"Bucharest",51.94
2009,"Hamburg",51.94
2015,"Brussels",51.93
2004,"Bucharest",51.92
2012,"Vienna",51.91
2014,"Bishkek",51.89
2011,"Amsterdam",51.88
1997,"Bonn",51.88
2012,"London",51.87
2002,"Vienna",51.87
2015,"Amsterdam",51.87
1998,"Bucharest",51.85
2019,"Warsaw",51.85
2000,"Amsterdam",51.84
2006,"Pyongyang",51.83
1997,"Zagreb",51.82
1998,"Bratislava",51.81
2016,"Amsterdam",51.81
2006,"Bratislava",51.81
1996,"Belgrade",51.79
2009,"Vienna",51.77
2004,"Geneva",51.76
1995,"Seoul",51.75
2005,"Amsterdam",51.75
2003,"Budapest",51.74
2000,"Sofia",51.73
2000,"Geneva",51.71
1995,"Brussels",51.70
2017,"Belfast",51.68
2013,"London",51.68
1998,"Frankfurt",51.65
2010,"Paris",51.65
1996,"Seoul",51.63
2004,"Brussels",51.63
2002,"Amsterdam",51.60
2002,"Geneva",51.60
2001,"Brussels",51.59
1997,"Pyongyang",51.57
2016,"Brussels",51.56
2011,"Budapest",51.54
1998,"Budapest",51.54
2016,"Belfast",51.53
1999,"Geneva",51.51
1999,"Bratislava",51.50
2013,"Pyongyang",51.50
2003,"Vienna",51.50
2005,"Bucharest",51.49
2008,"Amsterdam",51.49
2011,"Belfast",51.47
2018,"Munich",51.46
2011,"Hamburg",51.46
2011,"Sofia",51.46
2001,"Budapest",51.44
1997,"Frankfurt",51.43
2013,"Vienna",51.43
2003,"Bern",51.40
2020,"Tashkent",51.39
2008,"Geneva",51.38
1997,"Geneva",51.37
1999,"Hamburg",51.35
1998,"Vienna",51.34
2013,"Almaty",51.32
2005,"Geneva",51.31
2009,"Amsterdam",51.31
2007,"Bern",51.30
1998,"Brussels",51.30
2018,"Warsaw",51.30
2011,"Vienna",51.28
2004,"Amsterdam",51.28
2009,"Bern",51.28
2003,"Amsterdam",51.27
2009,"Brussels",51.26
1998,"Geneva",51.25
2006,"Vienna",51.24
2011,"Pyongyang",51.22
2002,"Pyongyang",51.22
1995,"Geneva",51.21
2018,"Bern",51.19
2001,"Geneva",51.17
2020,"Tirana",51.16
2001,"Amsterdam",51.15
1997,"Brussels",51.13
1995,"Pyongyang",51.13
2014,"Zurich",51.13
1998,"Amsterdam",51.12
2001,"Bratislava",51.12
2010,"Pyongyang",51.12
2000,"Pyongyang",51.11
2015,"Zurich",51.10
2019,"Zurich",51.09
2008,"Brussels",51.07
2001,"Pyongyang",51.05
1999,"Sofia",51.01
1995,"Bucharest",51.01
2018,"Prague",51.01
2015,"Warsaw",51.00
2004,"Bratislava",50.97
1999,"Vienna",50.96
2020,"Madrid",50.94
2018,"Almaty",50.93
2004,"Hamburg",50.93
1999,"Belfast",50.91
1995,"Amsterdam",50.89
1996,"London",50.89
2011,"Zurich",50.86
2000,"Bern",50.83
2001,"Vienna",50.82
2000,"Hamburg",50.82
1998,"Belfast",50.78
1996,"Pyongyang",50.77
2012,"Brussels",50.76
2015,"Belfast",50.76
1998,"Sofia",50.74
2012,"Amsterdam",50.73
2001,"Sofia",50.72
2013,"Belfast",50.71
1995,"Hamburg",50.71
2005,"Bratislava",50.69
2012,"Pyongyang",50.68
2006,"Bern",50.67
1999,"Budapest",50.65
2010,"London",50.65
2000,"Zurich",50.64
1995,"Bratislava",50.64
2013,"Geneva",50.63
2004,"Vienna",50.60
2019,"Munich",50.59
2004,"Sofia",50.54
2010,"Geneva",50.54
2003,"Zurich",50.52
2019,"Belfast",50.49
2006,"Dublin",50.49
1997,"Amsterdam",50.49
2008,"Bern",50.49
2012,"Belfast",50.46
2007,"Dublin",50.46
2019,"Kiev",50.45
2018,"Belfast",50.45
2002,"Bern",50.44
1996,"Bucharest",50.44
2002,"Sofia",50.43
2020,"Dusanbe",50.43
2002,"Zurich",50.42
2006,"Sofia",50.42
2019,"Prague",50.39
1997,"Budapest",50.39
2015,"Prague",50.36
2017,"Zurich",50.35
1997,"Bucharest",50.35
2002,"Belfast",50.33
2015,"Kiev",50.32
2006,"Almaty",50.31
2005,"Vienna",50.30
1995,"Budapest",50.27
1995,"Vienna",50.25
2014,"Bern",50.25
2014,"Dublin",50.25
2005,"Dublin",50.25
2007,"Belfast",50.21
2002,"Almaty",50.21
2000,"Belfast",50.21
2017,"Dublin",50.21
1997,"Bern",50.20
2007,"Zurich",50.19
2019,"Bern",50.18
1998,"Pristina",50.17
2003,"Sofia",50.17
2004,"Almaty",50.12
2011,"Dublin",50.12
2014,"Munich",50.11
2003,"Belfast",50.11
1997,"Bratislava",50.10
2010,"Budapest",50.10
2001,"Bern",50.10
1997,"Dublin",50.09
1997,"Almaty",50.08
2010,"Bratislava",50.05
2006,"Budapest",50.03
2008,"Almaty",50.03
1998,"Shenyang",50.02
2000,"Almaty",50.02
2005,"Pyongyang",49.98
2003,"Dublin",49.97
1995,"Dublin",49.97
2015,"Bern",49.96
2001,"Almaty",49.96
2002,"Dublin",49.96
2013,"Amsterdam",49.93
2014,"Almaty",49.93
2014,"Prague",49.93
2015,"Munich",49.92
2018,"Dublin",49.92
2016,"Zurich",49.89
2004,"Dublin",49.88
2014,"Copenhagen",49.88
2001,"Belfast",49.88
1998,"Dublin",49.87
2016,"Warsaw",49.87
1998,"Bern",49.86
2013,"Brussels",49.86
1999,"Almaty",49.84
2009,"Zurich",49.84
2005,"Belfast",49.84
2019,"Dublin",49.83
1999,"Dublin",49.82
2007,"Prague",49.81
2011,"Bern",49.80
2016,"Dublin",49.79
2004,"Belfast",49.79
2002,"Munich",49.79
1996,"Geneva",49.78
2010,"Belfast",49.75
2008,"Warsaw",49.71
2007,"Almaty",49.71
2006,"Belfast",49.70
1997,"Vienna",49.68
1995,"Pristina",49.68
2007,"Kiev",49.67
2014,"Warsaw",49.61
2006,"Zurich",49.60
1995,"Bern",49.59
2007,"Munich",49.58
2004,"Bern",49.55
1998,"Hamburg",49.53
2007,"Warsaw",49.53
2000,"Munich",49.52
2012,"Zurich",49.51
2017,"Bern",49.49
2018,"Copenhagen",49.46
1998,"Zurich",49.45
2011,"Munich",49.44
1995,"Sofia",49.43
2001,"Zurich",49.43
1999,"Bern",49.40
2008,"Zurich",49.38
2000,"Warsaw",49.37
1996,"Pristina",49.34
2020,"Paris",49.32
2009,"Dublin",49.32
2004,"Shenyang",49.32
2008,"Munich",49.31
2009,"Belfast",49.31
2019,"Copenhagen",49.30
2005,"Almaty",49.29
2010,"Vienna",49.25
2015,"Dublin",49.22
2008,"Kiev",49.21
2017,"Warsaw",49.21
2013,"Dublin",49.20
2019,"Shenyang",49.20
2010,"Bern",49.20
1999,"Zurich",49.19
1997,"Zurich",49.18
2008,"Dublin",49.18
2005,"Sofia",49.14
2002,"Kiev",49.14
2016,"Bern",49.14
2010,"Almaty",49.12
2017,"Kiev",49.11
2016,"Munich",49.11
2000,"Prague",49.08
2009,"Almaty",49.07
2005,"Bern",49.07
2016,"Prague",49.06
2000,"Kiev",49.03
1997,"Pristina",49.03
2004,"Zurich",49.02
1999,"Kiev",49.01
2012,"Dublin",49.00
2017,"Shenyang",48.96
2009,"Munich",48.94
2000,"Dublin",48.94
2008,"Belfast",48.94
2018,"Kiev",48.92
2003,"Munich",48.92
2010,"Kiev",48.90
2012,"Bern",48.89
2001,"Dublin",48.89
2008,"Prague",48.86
2009,"Kiev",48.86
2010,"Brussels",48.84
1998,"Almaty",48.83
2017,"Munich",48.79
1997,"Sofia",48.78
2017,"Prague",48.76
2014,"Shenyang",48.76
2005,"Zurich",48.72
2003,"Shenyang",48.71
2004,"Budapest",48.70
1995,"Zurich",48.67
2011,"Prague",48.67
2002,"Shenyang",48.66
1998,"Munich",48.64
1995,"Almaty",48.63
1996,"Budapest",48.62
2010,"Amsterdam",48.61
2016,"Kiev",48.60
2007,"Copenhagen",48.59
2012,"Munich",48.57
2002,"Warsaw",48.57
2007,"Shenyang",48.52
2013,"Kiev",48.52
1996,"Bonn",48.51
2006,"Munich",48.49
1999,"Shenyang",48.49
2011,"Almaty",48.48
2009,"Prague",48.45
1999,"Warsaw",48.45
2015,"Shenyang",48.44
2011,"Kiev",48.42
2013,"Zurich",48.41
2008,"Copenhagen",48.41
1999,"Munich",48.40
2015,"Copenhagen",48.37
2011,"Warsaw",48.37
1996,"Bratislava",48.36
2005,"Budapest",48.35
2006,"Prague",48.34
2012,"Prague",48.32
2014,"Kiev",48.32
2010,"Hamburg",48.32
2000,"Copenhagen",48.31
2018,"Shenyang",48.30
2006,"Warsaw",48.28
2001,"Kiev",48.28
2001,"Munich",48.27
2015,"Minsk",48.25
2002,"Prague",48.24
1997,"Shenyang",48.23
2006,"Copenhagen",48.23
1996,"Dublin",48.21
1996,"Brussels",48.19
2003,"Prague",48.11
1996,"Bern",48.10
2016,"Copenhagen",48.09
2020,"London",48.09
2003,"Almaty",48.07
2016,"Shenyang",48.06
2013,"Warsaw",48.01
2002,"Copenhagen",47.97
2017,"Copenhagen",47.95
2004,"Munich",47.94
1999,"Prague",47.93
2013,"Bern",47.89
2010,"Zurich",47.89
2012,"Almaty",47.87
2009,"Warsaw",47.84
2020,"Milan",47.80
1998,"Prague",47.78
1995,"Munich",47.78
2011,"Copenhagen",47.74
1995,"Shenyang",47.73
1996,"Vienna",47.68
1999,"Copenhagen",47.68
2012,"Warsaw",47.66
2012,"Kiev",47.66
2000,"Riga",47.64
2004,"Kiev",47.61
2005,"Warsaw",47.60
2008,"Shenyang",47.59
2020,"Zagreb",47.55
2013,"Munich",47.52
2009,"Copenhagen",47.51
1997,"Munich",47.49
2005,"Kiev",47.49
1996,"Amsterdam",47.45
2004,"Prague",47.37
2005,"Prague",47.35
2019,"Riga",47.35
1995,"Kiev",47.34
2000,"Stockholm",47.28
2010,"Dublin",47.27
2004,"Warsaw",47.24
2006,"Shenyang",47.12
2005,"Copenhagen",47.12
2003,"Copenhagen",47.11
2001,"Warsaw",47.10
1999,"Stockholm",47.09
1997,"Copenhagen",47.08
2003,"Warsaw",47.07
2000,"Shenyang",47.07
2018,"Stockholm",47.07
2004,"Copenhagen",47.07
2003,"Kiev",47.06
2014,"Stockholm",47.06
2006,"Kiev",47.01
1998,"Warsaw",47.00
2013,"Prague",46.99
2015,"Sapporo",46.99
2001,"Shenyang",46.98
2010,"Munich",46.98
2008,"Minsk",46.97
2001,"Prague",46.97
2000,"Minsk",46.96
1999,"Riga",46.96
1999,"Minsk",46.93
2020,"Brussels",46.92
1995,"Warsaw",46.91
2013,"Copenhagen",46.90
1998,"Kiev",46.89
2015,"Riga",46.88
2008,"Stockholm",46.87
2005,"Munich",46.84
2020,"Amsterdam",46.83
1996,"Zurich",46.82
2014,"Minsk",46.82
1996,"Shenyang",46.80
2012,"Copenhagen",46.80
1995,"Prague",46.77
2007,"Minsk",46.76
2005,"Shenyang",46.74
1996,"Almaty",46.73
2002,"Riga",46.71
2020,"Geneva",46.68
2001,"Copenhagen",46.68
1998,"Copenhagen",46.67
2018,"Riga",46.67
2002,"Bonn",46.62
2011,"Stockholm",46.61
2002,"Stockholm",46.59
2019,"Stockholm",46.57
2015,"Stockholm",46.57
2006,"Stockholm",46.57
2002,"Minsk",46.53
2008,"Riga",46.52
2011,"Minsk",46.51
2016,"Minsk",46.41
2013,"Shenyang",46.37
2020,"Belgrade",46.37
2010,"Sapporo",46.36
2010,"Warsaw",46.34
2013,"Minsk",46.32
2007,"Stockholm",46.29
1997,"Warsaw",46.25
1995,"Copenhagen",46.24
1997,"Prague",46.24
2014,"Riga",46.12
2017,"Minsk",46.10
2007,"Riga",46.09
2003,"Stockholm",46.08
2018,"Sapporo",46.08
2019,"Sapporo",46.07
2009,"Shenyang",46.03
2011,"Shenyang",46.03
2010,"Prague",45.99
2001,"Riga",45.97
2016,"Stockholm",45.88
1997,"Kiev",45.80
2016,"Riga",45.78
1997,"Hamburg",45.75
2020,"Bucharest",45.74
2001,"Stockholm",45.73
2004,"Sapporo",45.73
2007,"Sapporo",45.73
2003,"Riga",45.67
2006,"Riga",45.67
2005,"Stockholm",45.63
2009,"Sapporo",45.61
2016,"Sapporo",45.54
1997,"Riga",45.50
2011,"Riga",45.48
2017,"Stockholm",45.47
2012,"Shenyang",45.44
2013,"Sapporo",45.37
2001,"Minsk",45.37
1997,"Stockholm",45.31
2008,"Sapporo",45.30
1999,"Sapporo",45.28
2014,"Sapporo",45.28
2020,"Zurich",45.26
2010,"Shenyang",45.25
1996,"Kiev",45.23
1995,"Sapporo",45.22
2009,"Stockholm",45.22
2020,"Belfast",45.21
2019,"Moscow",45.20
2013,"Stockholm",45.18
2004,"Riga",45.17
2006,"Minsk",45.17
2017,"Riga",45.16
2013,"Riga",45.15
2005,"Minsk",45.14
2012,"Minsk",45.11
2005,"Riga",45.11
2017,"Sapporo",45.10
2012,"Sapporo",45.09
2011,"Sapporo",45.07
2004,"Stockholm",45.05
1995,"Riga",45.02
2009,"Minsk",45.02
2020,"Vienna",44.92
2015,"Helsinki",44.92
1996,"Munich",44.91
2020,"Bishkek",44.90
2010,"Minsk",44.89
1997,"Sapporo",44.88
2006,"Sapporo",44.87
2004,"Minsk",44.72
2020,"Beijing",44.68
2020,"Bratislava",44.67
2020,"Dublin",44.66
2015,"Moscow",44.65
2009,"Riga",44.64
2008,"Helsinki",44.62
2003,"Minsk",44.60
1995,"Stockholm",44.55
2000,"Helsinki",44.54
2020,"Skopje",44.53
2019,"Minsk",44.49
1998,"Sapporo",44.45
2000,"Sapporo",44.44
1998,"Minsk",44.44
2018,"Minsk",44.42
1996,"Warsaw",44.39
2010,"Copenhagen",44.39
2002,"Sapporo",44.38
1995,"Minsk",44.34
2012,"Stockholm",44.27
2014,"Oslo",44.24
2005,"Sapporo",44.24
2011,"Helsinki",44.21
2008,"Moscow",44.18
2014,"Helsinki",44.10
1998,"Stockholm",44.06
2018,"Helsinki",44.01
2003,"Sapporo",43.97
2007,"Moscow",43.90
2019,"Helsinki",43.88
2014,"Moscow",43.71
2013,"Helsinki",43.64
2000,"Oslo",43.63
2008,"Oslo",43.63
2007,"Helsinki",43.58
1999,"Pristina",43.58
2020,"Seoul",43.54
2012,"Riga",43.53
1996,"Prague",43.50
2010,"Moscow",43.46
1996,"Copenhagen",43.45
2011,"Moscow",43.42
2020,"Budapest",43.41
2020,"Bern",43.40
1996,"Stockholm",43.33
2013,"Moscow",43.33
1999,"Helsinki",43.28
1996,"Sapporo",43.27
2006,"Tbilisi",43.24
2003,"Reykjavik",43.20
2006,"Helsinki",43.19
2006,"Oslo",43.17
2016,"Moscow",43.14
2015,"Oslo",43.11
2018,"Moscow",43.09
2020,"Munich",43.01
1997,"Minsk",42.97
2016,"Reykjavik",42.94
2014,"Reykjavik",42.93
2016,"Helsinki",42.90
2018,"Oslo",42.90
2001,"Hamburg",42.89
2005,"Oslo",42.88
2010,"Reykjavik",42.85
2017,"Helsinki",42.82
1999,"Moscow",42.79
2020,"Almaty",42.75
2004,"Pristina",42.71
2005,"Helsinki",42.68
2010,"Riga",42.66
2001,"Sapporo",42.66
2020,"Warsaw",42.60
2000,"Moscow",42.59
1997,"Oslo",42.54
2009,"Moscow",42.52
2007,"Oslo",42.52
2016,"Oslo",42.50
2011,"Oslo",42.47
2017,"Moscow",42.47
1998,"Riga",42.44
2019,"Reykjavik",42.41
2002,"Helsinki",42.33
2020,"Copenhagen",42.33
2004,"Reykjavik",42.29
1995,"Helsinki",42.26
2009,"Reykjavik",42.25
1995,"Moscow",42.24
2012,"Reykjavik",42.23
2007,"Reykjavik",42.18
2019,"Oslo",42.13
2004,"Oslo",42.12
2020,"Sofia",42.11
2020,"Prague",42.09
2005,"Moscow",42.09
1997,"Helsinki",42.08
2009,"Helsinki",42.05
2010,"Stockholm",42.04
2001,"Helsinki",42.01
1996,"Riga",41.99
2006,"Reykjavik",41.98
1999,"Oslo",41.97
2017,"Reykjavik",41.95
2002,"Reykjavik",41.92
2011,"Reykjavik",41.91
2017,"Oslo",41.87
1996,"Hamburg",41.85
2002,"Moscow",41.83
2008,"Reykjavik",41.82
2003,"Oslo",41.80
2004,"Helsinki",41.71
1996,"Minsk",41.65
2012,"Moscow",41.63
2001,"Reykjavik",41.55
2012,"Helsinki",41.51
2004,"Moscow",41.49
2003,"Helsinki",41.39
2005,"Reykjavik",41.38
2001,"Moscow",41.37
1997,"Reykjavik",41.37
2018,"Reykjavik",41.35
2020,"Kiev",41.29
1998,"Oslo",41.29
2002,"Oslo",41.25
1998,"Helsinki",41.25
2009,"Oslo",41.21
2003,"Frankfurt",41.18
2013,"Oslo",41.18
1996,"Reykjavik",41.16
2013,"Reykjavik",41.06
2003,"Moscow",41.06
2006,"Moscow",40.98
2020,"Pyongyang",40.84
2012,"Oslo",40.83
1997,"Moscow",40.47
2003,"Bonn",40.47
1996,"Moscow",40.46
2001,"Oslo",40.44
1998,"Reykjavik",40.37
2015,"Reykjavik",40.31
2000,"Reykjavik",40.18
2010,"Helsinki",40.11
1998,"Moscow",40.08
1996,"Helsinki",40.05
1995,"Oslo",40.03
1999,"Reykjavik",39.95
2020,"Stockholm",39.84
2020,"Riga",39.83
2006,"Frankfurt",39.47
1995,"Reykjavik",38.91
1996,"Oslo",38.25
2020,"Minsk",38.01
2010,"Oslo",37.10
2020,"Oslo",37.05
2020,"Moscow",36.78
2020,"Helsinki",36.51
2020,"Reykjavik",35.07
2020,"Shenyang",34.76
2020,"Sapporo",33.44
2007,"Ulan-bator",33.34
1997,"Ulan-bator",33.21
1998,"Ulan-bator",32.97
1995,"Ulan-bator",32.66
2015,"Ulan-bator",31.87
2008,"Ulan-bator",31.74
2004,"Ulan-bator",31.49
1999,"Ulan-bator",31.31
2017,"Ulan-bator",31.12
2019,"Ulan-bator",31.05
2018,"Ulan-bator",31.04
2006,"Ulan-bator",30.99
1996,"Ulan-bator",30.54
2014,"Ulan-bator",30.48
2009,"Ulan-bator",30.22
2000,"Ulan-bator",30.03
2005,"Ulan-bator",29.94
2002,"Ulan-bator",29.70
2003,"Ulan-bator",29.59
2001,"Ulan-bator",29.41
2016,"Ulan-bator",29.36
2013,"Ulan-bator",29.00
1997,"Bishkek",28.99
2010,"Ulan-bator",28.47
2011,"Ulan-bator",27.86
2012,"Ulan-bator",26.25
2020,"Ulan-bator",17.42
